Player,Position,Years_Active,Teams,PPG,RPG,APG,MVP_Count,DPOY_Count,FMVP_Count,ROY_Count,Accolades
Adrian Dantley,F-G,1977-1991,"BUF, Pacers, Lakers, Jazz, Pistons, Mavs, Bucks",57,19,11,0,0,0,1,Hall of Fame; 6x All Star; 2x Scoring Champ; 2x All-NBA; 1976-77 All-Rookie; 1976-77 ROY
Alex English,F,1977-1991,"Bucks, Pacers, Nuggets, Mavs",54,20,16,0,0,0,0,Hall of Fame; 8x All Star; 1982-83 Scoring Champ; 3x All-NBA
Alex Groza,C,1950-1951,INO,43,23,8,0,0,0,1,1x All Star; 2x All-NBA; 1949-50 ROY *
Allen Iverson,G,1997-2010,"76ers, Nuggets, Pistons, Grizzlies",60,11,16,1,0,0,1,Hall of Fame; 11x All Star; 4x Scoring Champ; 3x STL Champ; 7x All-NBA; 1996-97 All-Rookie; 1996-97 ROY; 2x AS MVP; 2000-01 MVP; NBA 75th Anniv. Team
Alonzo Mourning,C-F,1993-2008,"Hornets, Heat, Nets",50,22,7,0,2,0,0,Hall of Fame; 7x All Star; 2x BLK Champ; 2006 NBA Champ; 2x All-NBA; 1992-93 All-Rookie; 2x All-Defensive; 2x Def. POY
Alvan Adams,C-F,1976-1988,Suns,47,19,13,0,0,0,1,1x All Star; 1975-76 All-Rookie; 1975-76 ROY
Alvin Robertson,G,1985-1996,"Spurs, Bucks, Pistons, Raptors",41,16,17,0,1,0,0,4x All Star; 3x STL Champ; 1985-86 All-NBA; 6x All-Defensive; 1985-86 Def. POY; 1985-86 Most Improved
Amar'e Stoudemire,F-C,2003-2016,"Suns, Knicks, Mavs, Heat",50,23,8,0,0,0,1,6x All Star; 5x All-NBA; 2002-03 All-Rookie; 2002-03 ROY
Andre Drummond,C,2013-2026,"Pistons, Cavs, Lakers, 76ers, Nets, Bulls",33,29,8,0,0,0,0,2x All Star; 4x TRB Champ; 2015-16 All-NBA; 2012-13 All-Rookie
Andre Iguodala,F-G,2005-2023,"76ers, Nuggets, Warriors, Heat",34,17,16,0,0,1,0,1x All Star; 4x NBA Champ; 2004-05 All-Rookie; 2x All-Defensive; 2014-15 Finals MVP
Andre Miller,G,2000-2016,"Cavs, LAC, Nuggets, 76ers, Blazers, Wizards, Kings, Timberwolves, Spurs",52,12,22,0,0,0,0,2001-02 AST Champ; 1999-00 All-Rookie
Andrew Wiggins,F-G,2015-2026,"Timberwolves, Warriors, Heat",47,13,11,0,0,0,1,1x All Star; 2022 NBA Champ; 2014-15 ROY; 2014-15 All-Rookie
Andy Phillip,G-F,1948-1958,"Stags, PHW, Pistons, Celtics",30,15,19,0,0,0,0,Hall of Fame; 5x All Star; 2x AST Champ; 1957 NBA Champ; 2x All-NBA
Ben Simmons,G-F,2018-2025,"76ers, Nets, LAC",42,22,17,0,0,0,1,3x All Star; 2019-20 STL Champ; 2019-20 All-NBA; 2017-18 All-Rookie; 2017-18 ROY; 2x All-Defensive
Ben Wallace,F-C,1997-2012,"Bullets, Wizards, Magic, Pistons, Bulls, Cavs, WAS,WSB",23,28,8,0,4,0,0,Hall of Fame; 4x All Star; 2x TRB Champ; 2001-02 BLK Champ; 2004 NBA Champ; 5x All-NBA; 6x All-Defensive; 4x Def. POY
Bernard King,F,1978-1993,"Nets, Jazz, Warriors, Knicks, Bullets",60,18,14,0,0,0,0,Hall of Fame; 4x All Star; 1984-85 Scoring Champ; 4x All-NBA; 1977-78 All-Rookie
Bill Laimbeer,C,1981-1994,"Cavs, Pistons",35,24,11,0,0,0,0,4x All Star; 1985-86 TRB Champ; 2x NBA Champ
Bill Russell,C,1957-1969,Celtics,37,51,13,5,0,0,0,Hall of Fame; 12x All Star; 4x TRB Champ; 11x NBA Champ; 11x All-NBA; 5x MVP; 1962-63 AS MVP; 1968-69 All-Defensive; NBA 75th Anniv. Team; 4x USBWA MVP; 2x MBWA NBA MVP
Bill Walton,C-F,1975-1987,"Blazers, SDC, LAC, Celtics, LAC,SDC",36,26,14,1,0,1,0,Hall of Fame; 2x All Star; 1976-77 TRB Champ; 1976-77 BLK Champ; 2x NBA Champ; 2x All-NBA; 2x All-Defensive; 1976-77 Finals MVP; 1977-78 MVP; 1985-86 Sixth Man; NBA 75th Anniv. Team
Blake Griffin,F-C,2011-2023,"LAC, Pistons, Nets, Celtics",50,20,12,0,0,0,1,6x All Star; 5x All-NBA; 2010-11 All-Rookie; 2010-11 ROY
Bob Cousy,G,1951-1970,"Celtics, CIN",46,17,28,1,0,0,0,Hall of Fame; 13x All Star; 8x AST Champ; 6x NBA Champ; 12x All-NBA; 2x AS MVP; 1956-57 MVP; NBA 75th Anniv. Team; 3x MBWA NBA MVP
Bob McAdoo,C-F,1973-1986,"BUF, Knicks, Celtics, Pistons, Nets, Lakers, 76ers",52,29,10,1,0,0,1,Hall of Fame; 5x All Star; 3x Scoring Champ; 2x NBA Champ; 2x All-NBA; 1972-73 All-Rookie; 1972-73 ROY; 1974-75 MVP; NBA 75th Anniv. Team; 1972-73 MBWA NBA ROY
Bob Pettit,F-C,1955-1965,"Hawks, MLH,STL",57,35,10,2,0,0,1,Hall of Fame; 11x All Star; 2x Scoring Champ; 1955-56 TRB Champ; 1958 NBA Champ; 11x All-NBA; 1954-55 ROY; 4x AS MVP; 2x MVP; NBA 75th Anniv. Team; 1958-59 USBWA MVP; 2x MBWA NBA MVP
Brandon Roy,G,2007-2013,"Blazers, Timberwolves",52,14,12,0,0,0,1,3x All Star; 2x All-NBA; 2006-07 All-Rookie; 2006-07 ROY
Buck Williams,F-C,1982-1998,"Nets, Blazers, Knicks",35,27,7,0,0,0,1,3x All Star; 1982-83 All-NBA; 1981-82 All-Rookie; 1981-82 ROY; 4x All-Defensive
Carmelo Anthony,F,2004-2022,"Nuggets, Knicks, Thunder, Rockets, Blazers, Lakers",62,22,11,0,0,0,0,Hall of Fame; 10x All Star; 2012-13 Scoring Champ; 6x All-NBA; 2003-04 All-Rookie; NBA 75th Anniv. Team
Cedric Maxwell,F,1978-1988,"Celtics, LAC, Rockets",35,19,10,0,0,1,0,2x NBA Champ; 1980-81 Finals MVP
Charles Barkley,F,1985-2000,"76ers, Suns, Rockets",47,33,14,1,0,0,0,Hall of Fame; 11x All Star; 1986-87 TRB Champ; 11x All-NBA; 1984-85 All-Rookie; 1990-91 AS MVP; 1992-93 MVP; NBA 75th Anniv. Team
Chauncey Billups,G,1998-2014,"Celtics, Raptors, Nuggets, Timberwolves, Pistons, Knicks, LAC",39,12,19,0,0,1,0,Hall of Fame; 5x All Star; 2004 NBA Champ; 3x All-NBA; 2003-04 Finals MVP; 2x All-Defensive; 2008-09 Sportsmanship
Chris Paul,G,2006-2026,"Pelicans, LAC, Rockets, Thunder, Suns, Warriors, Spurs, NOH,NOK",43,13,21,0,0,0,1,12x All Star; 5x AST Champ; 6x STL Champ; 11x All-NBA; 2005-06 All-Rookie; 2005-06 ROY; 9x All-Defensive; 2012-13 AS MVP; NBA 75th Anniv. Team
Chris Webber,F-C,1994-2008,"Warriors, Bullets, Wizards, Kings, 76ers, Pistons, WAS,WSB",51,26,13,0,0,0,1,Hall of Fame; 5x All Star; 1998-99 TRB Champ; 5x All-NBA; 1993-94 All-Rookie; 1993-94 ROY
Chuck Person,F,1987-2000,"Pacers, Timberwolves, Spurs, Hornets, Sonics",47,18,11,0,0,0,1,1986-87 All-Rookie; 1986-87 ROY
Clint Capela,C,2015-2026,"Rockets, Hawks",31,26,6,0,0,0,0,2020-21 TRB Champ
Cooper Flagg,F-G,2026-2026,Mavs,51,12,11,0,0,0,1,2025-26 ROY; 2025-26 All-Rookie
Damian Lillard,G,2013-2025,"Blazers, Bucks",71,18,16,0,0,0,1,9x All Star; 7x All-NBA; 2012-13 All-Rookie; 2012-13 ROY; NBA 75th Anniv. Team; 2023-24 AS MVP
Damon Stoudamire,G,1996-2008,"Raptors, Blazers, Grizzlies, Spurs",54,12,19,0,0,0,1,1995-96 All-Rookie; 1995-96 ROY
Darrell Griffith,G,1981-1991,Jazz,41,13,10,0,0,0,1,1980-81 All-Rookie; 1980-81 ROY
Dave Bing,G,1967-1978,"Pistons, Bullets, Celtics",54,16,19,0,0,0,1,Hall of Fame; 7x All Star; 1967-68 Scoring Champ; 3x All-NBA; 1966-67 All-Rookie; 1966-67 ROY; 1975-76 AS MVP; NBA 75th Anniv. Team
Dave Cowens,C-F,1971-1983,"Celtics, Bucks",39,32,11,1,0,0,0,Hall of Fame; 8x All Star; 2x NBA Champ; 3x All-NBA; 1970-71 All-Rookie; 1970-71 ROY; 1972-73 AS MVP; 1972-73 MVP; 3x All-Defensive; NBA 75th Anniv. Team; 1974-75 MBWA NBA MVP; 1970-71 MBWA NBA ROY
David Robinson,C,1990-2003,Spurs,71,24,11,1,1,0,1,Hall of Fame; 10x All Star; 1993-94 Scoring Champ; 1990-91 TRB Champ; 1991-92 BLK Champ; 2x NBA Champ; 10x All-NBA; 8x All-Defensive; 1989-90 All-Rookie; 1989-90 ROY; 1991-92 Def. POY; 1994-95 MVP; 2000-01 Sportsmanship; NBA 75th Anniv. Team
DeAndre Jordan,C,2009-2026,"LAC, Mavs, Knicks, Nets, Lakers, 76ers, Nuggets, Pelicans",30,27,9,0,0,0,0,1x All Star; 2x TRB Champ; 2023 NBA Champ; 3x All-NBA; 2x All-Defensive
Dennis Johnson,G,1977-1990,"Sonics, Suns, Celtics",39,12,17,0,0,1,0,Hall of Fame; 5x All Star; 3x NBA Champ; 2x All-NBA; 9x All-Defensive; 1978-79 Finals MVP
Dennis Rodman,F,1987-2000,"Pistons, Spurs, Bulls, Lakers, Mavs",34,34,10,0,2,0,0,Hall of Fame; 2x All Star; 7x TRB Champ; 5x NBA Champ; 2x All-NBA; 8x All-Defensive; 2x Def. POY; NBA 75th Anniv. Team
Derrick Coleman,F-C,1991-2005,"Nets, 76ers, Hornets, Pistons",42,24,11,0,0,0,1,1x All Star; 2x All-NBA; 1990-91 All-Rookie; 1990-91 ROY
Derrick Rose,G,2009-2024,"Bulls, Knicks, Cavs, Timberwolves, Pistons, Grizzlies",50,12,17,1,0,0,1,3x All Star; 2010-11 All-NBA; 2008-09 All-Rookie; 2008-09 ROY; 2010-11 MVP
Dikembe Mutombo,C,1992-2009,"Nuggets, Hawks, 76ers, Nets, Knicks, Rockets",39,31,7,0,4,0,0,Hall of Fame; 8x All Star; 2x TRB Champ; 3x BLK Champ; 3x All-NBA; 1991-92 All-Rookie; 6x All-Defensive; 4x Def. POY
Dirk Nowitzki,F-C,1999-2019,Mavs,53,23,12,1,0,1,0,Hall of Fame; 14x All Star; 2011 NBA Champ; 12x All-NBA; 2006-07 MVP; 2010-11 Finals MVP; NBA 75th Anniv. Team
Dolph Schayes,F-C,1950-1964,"76ers, PHI,SYR",50,35,13,0,0,0,0,Hall of Fame; 12x All Star; 1950-51 TRB Champ; 1955 NBA Champ; 12x All-NBA; NBA 75th Anniv. Team; 1957-58 MBWA NBA MVP
Domantas Sabonis,C-F,2017-2026,"Thunder, Pacers, Kings",42,28,16,0,0,0,0,3x All Star; 3x TRB Champ; 2x All-NBA
Dominique Wilkins,F-G,1983-1999,"Hawks, LAC, Celtics, Spurs, Magic",57,19,10,0,0,0,0,Hall of Fame; 9x All Star; 1985-86 Scoring Champ; 7x All-NBA; 1982-83 All-Rookie; NBA 75th Anniv. Team
Don Buse,G,1973-1985,"INA, Pacers, Suns, Blazers, KCK, INA,IND",27,12,20,0,0,0,0,2x All Star; 1976-77 AST Champ; 1976-77 STL Champ; 1973 ABA Champ; 6x All-Defensive; 1975-76 All-ABA
Draymond Green,F,2013-2026,Warriors,31,20,19,0,1,0,0,4x All Star; 2016-17 STL Champ; 4x NBA Champ; 2x All-NBA; 9x All-Defensive; 2016-17 Def. POY
Dwight Howard,C,2005-2022,"Magic, Lakers, Rockets, Hawks, CHO, Wizards, 76ers",45,30,7,0,3,0,0,Hall of Fame; 8x All Star; 5x TRB Champ; 2x BLK Champ; 2020 NBA Champ; 8x All-NBA; 2004-05 All-Rookie; 5x All-Defensive; 3x Def. POY
Dwyane Wade,G,2004-2019,"Heat, Bulls, Cavs",55,16,16,0,0,1,0,Hall of Fame; 13x All Star; 2008-09 Scoring Champ; 3x NBA Champ; 8x All-NBA; 2003-04 All-Rookie; 3x All-Defensive; 2005-06 Finals MVP; 2009-10 AS MVP; NBA 75th Anniv. Team
Earl Monroe,G,1968-1980,"Bullets, Knicks",56,17,13,0,0,0,1,Hall of Fame; 4x All Star; 1973 NBA Champ; 1968-69 All-NBA; 1967-68 All-Rookie; 1967-68 ROY; NBA 75th Anniv. Team; 1967-68 MBWA NBA ROY
Elgin Baylor,F,1959-1972,"MNL, Lakers, LAL,MNL",71,31,16,0,0,0,1,Hall of Fame; 11x All Star; 10x All-NBA; 1958-59 AS MVP; 1958-59 ROY; NBA 75th Anniv. Team; 1962-63 MBWA NBA MVP; 1958-59 MBWA NBA ROY
Elvin Hayes,F-C,1969-1984,"SDR, Rockets, Bullets, Capitols, BAL,CAP,WSB, HOU,SDR",54,35,11,0,0,0,0,Hall of Fame; 12x All Star; 1968-69 Scoring Champ; 2x TRB Champ; 1978 NBA Champ; 6x All-NBA; 1968-69 All-Rookie; 2x All-Defensive; NBA 75th Anniv. Team
Emeka Okafor,C-F,2005-2018,"Hornets, Pelicans, Wizards, NOH,NOP",30,25,5,0,0,0,1,2004-05 All-Rookie; 2004-05 ROY
Ernie DiGregorio,G,1974-1978,"BUF, Lakers, Celtics",36,13,25,0,0,0,1,1973-74 AST Champ; 1973-74 All-Rookie; 1973-74 ROY; 1973-74 MBWA NBA ROY
Evan Mobley,F-C,2022-2026,Cavs,41,19,8,0,1,0,0,1x All Star; 2024-25 All-NBA; 2021-22 All-Rookie; 2x All-Defensive; 2024-25 Def. POY
Gary Payton,G,1991-2007,"Sonics, Bucks, Lakers, Celtics, Heat",44,16,18,0,1,0,0,Hall of Fame; 9x All Star; 1995-96 STL Champ; 2006 NBA Champ; 9x All-NBA; 1990-91 All-Rookie; 9x All-Defensive; 1995-96 Def. POY; NBA 75th Anniv. Team
George Gervin,G-F,1973-1986,"VIR, SAA, Spurs, Bulls, SAA,SAS",63,18,11,0,0,0,0,Hall of Fame; 12x All Star; 4x Scoring Champ; 7x All-NBA; 1972-73 All-Rookie; 2x All-ABA; 1979-80 AS MVP; ABA All-Time Team; NBA 75th Anniv. Team
George Mikan,C,1949-1956,MNL,61,36,8,0,0,0,0,Hall of Fame; 4x All Star; 3x Scoring Champ; 1952-53 TRB Champ; 5x BAA/NBA Champ; 6x All-BAA/NBA; 1952-53 AS MVP; NBA 75th Anniv. Team; 2x MBWA NBA MVP
George Yardley,F-G,1954-1960,"Pistons, 76ers, DET,FTW",52,27,7,0,0,0,0,Hall of Fame; 6x All Star; 1957-58 Scoring Champ; 2x All-NBA
Giannis Antetokounmpo,F-G,2014-2026,Bucks,64,22,20,2,1,1,0,10x All Star; 2021 NBA Champ; 9x All-NBA; 2013-14 All-Rookie; 5x All-Defensive; 2016-17 Most Improved; 2x MVP; 2019-20 Def. POY; 2020-21 AS MVP; 2020-21 Finals MVP; NBA 75th Anniv. Team; 2024-25 IST MVP
Guy Rodgers,G,1959-1970,"PHW, SFW, Bulls, CIN, Bucks, PHW,SFW",47,20,28,0,0,0,0,Hall of Fame; 4x All Star; 2x AST Champ
Hakeem Olajuwon,C,1985-2002,"Rockets, Raptors",52,25,12,1,2,2,0,Hall of Fame; 12x All Star; 2x TRB Champ; 3x BLK Champ; 2x NBA Champ; 12x All-NBA; 9x All-Defensive; 1984-85 All-Rookie; 2x Def. POY; 2x Finals MVP; 1993-94 MVP; NBA 75th Anniv. Team
Harry Gallatin,F-C,1949-1958,"Knicks, Pistons",34,33,8,0,0,0,0,Hall of Fame; 7x All Star; 1953-54 TRB Champ; 2x All-NBA
Hassan Whiteside,C,2011-2022,"Kings, Heat, Blazers, Jazz",33,25,7,0,0,0,0,2016-17 TRB Champ; 2x BLK Champ; 2015-16 All-Defensive
Howie Shannon,G-F,1949-1950,"PRO, Celtics",27,,5,0,0,0,1,1948-49 ROY *
Isiah Thomas,G,1982-1994,Pistons,47,12,25,0,0,1,0,Hall of Fame; 12x All Star; 1984-85 AST Champ; 2x NBA Champ; 5x All-NBA; 1981-82 All-Rookie; 2x AS MVP; 1989-90 Finals MVP; NBA 75th Anniv. Team
Ja Morant,G,2020-2026,Grizzlies,52,13,17,0,0,0,1,2x All Star; 2021-22 All-NBA; 2019-20 ROY; 2019-20 All-Rookie; 2021-22 Most Improved
Jalen Brunson,G,2019-2026,"Mavs, Knicks",61,11,17,0,0,1,0,3x All Star; 2026 NBA Champ; 3x All-NBA; 2025-26 IST MVP; 2025-26 ECF MVP; 2025-26 Finals MVP
Jamaal Wilkes,F-G,1975-1986,"Warriors, Lakers, LAC",36,19,10,0,0,0,1,Hall of Fame; 3x All Star; 4x NBA Champ; 1974-75 All-Rookie; 1974-75 ROY; 2x All-Defensive; 1974-75 MBWA NBA ROY
James Harden,G,2010-2026,"Thunder, Rockets, Nets, 76ers, LAC, Cavs",61,17,21,1,0,0,0,11x All Star; 3x Scoring Champ; 2x AST Champ; 8x All-NBA; 2009-10 All-Rookie; 2011-12 Sixth Man; 2017-18 MVP; NBA 75th Anniv. Team
James Worthy,F,1983-1994,Lakers,38,17,14,0,0,1,0,Hall of Fame; 7x All Star; 3x NBA Champ; 2x All-NBA; 1982-83 All-Rookie; 1987-88 Finals MVP; NBA 75th Anniv. Team
Jaren Jackson Jr.,F,2019-2026,"Grizzlies, Jazz",44,15,7,0,1,0,0,2x All Star; 2x BLK Champ; 2018-19 All-Rookie; 3x All-Defensive; 2022-23 Def. POY
Jason Kidd,G,1995-2013,"Mavs, Suns, Nets, Knicks",43,19,25,0,0,0,0,Hall of Fame; 10x All Star; 5x AST Champ; 2011 NBA Champ; 6x All-NBA; 1994-95 All-Rookie; 1994-95 ROY; 9x All-Defensive; 2x Sportsmanship; NBA 75th Anniv. Team
Jaylen Brown,F-G,2017-2026,Celtics,50,15,13,0,0,1,0,5x All Star; 2024 NBA Champ; 2x All-NBA; 2016-17 All-Rookie; 2023-24 ECF MVP; 2023-24 Finals MVP
Jerry Lucas,F-C,1964-1974,"CIN, SFW, Knicks",41,40,12,0,0,0,1,Hall of Fame; 7x All Star; 1973 NBA Champ; 5x All-NBA; 1963-64 All-Rookie; 1963-64 ROY; 1964-65 AS MVP; NBA 75th Anniv. Team; 1963-64 MBWA NBA ROY
Jerry West,G,1961-1974,Lakers,63,24,23,0,0,1,0,Hall of Fame; 14x All Star; 1969-70 Scoring Champ; 1971-72 AST Champ; 1972 NBA Champ; 12x All-NBA; 5x All-Defensive; 1968-69 Finals MVP; 1971-72 AS MVP; NBA 75th Anniv. Team; 1971-72 MBWA NBA MVP
Jo Jo White,G,1970-1981,"Celtics, Warriors, KCK",41,13,15,0,0,1,0,Hall of Fame; 7x All Star; 2x NBA Champ; 2x All-NBA; 1969-70 All-Rookie; 1975-76 Finals MVP
Joakim Noah,C,2008-2020,"Bulls, Knicks, Grizzlies, LAC",30,23,14,0,1,0,0,2x All Star; 2013-14 All-NBA; 3x All-Defensive; 2013-14 Def. POY
Joe Dumars,G,1986-1999,Pistons,45,10,15,0,0,1,0,Hall of Fame; 6x All Star; 2x NBA Champ; 3x All-NBA; 1985-86 All-Rookie; 5x All-Defensive; 1988-89 Finals MVP; 1995-96 Sportsmanship
Joel Embiid,C,2017-2026,76ers,70,22,13,1,0,0,0,7x All Star; 2x Scoring Champ; 5x All-NBA; 2016-17 All-Rookie; 3x All-Defensive; 2022-23 MVP
John (Cat) Thompson,F,1965-1966,Celtics,15,13,3,0,0,0,0,Hall of Fame; 2x NBA Champ
John Havlicek,F-G,1963-1978,Celtics,43,20,16,0,0,1,0,Hall of Fame; 13x All Star; 8x NBA Champ; 11x All-NBA; 1962-63 All-Rookie; 8x All-Defensive; 1973-74 Finals MVP; NBA 75th Anniv. Team; 1972-73 MBWA NBA MVP; 1962-63 MBWA NBA ROY
John Stockton,G,1985-2003,Jazz,34,9,28,0,0,0,0,Hall of Fame; 10x All Star; 9x AST Champ; 2x STL Champ; 11x All-NBA; 5x All-Defensive; 1992-93 AS MVP; NBA 75th Anniv. Team
Johnny Moore,G,1981-1990,"Spurs, Nets",30,11,20,0,0,0,0,1981-82 AST Champ
Julius Erving,F-G,1972-1987,"VIR, NYA, 76ers",63,28,12,1,0,0,0,Hall of Fame; 16x All Star; 1983 NBA Champ; 2x ABA Champ; 7x All-NBA; 5x All-ABA; 1971-72 All-Rookie; 4x MVP; 1975-76 All-Defensive; 2x AS MVP; ABA All-Time Team; NBA 75th Anniv. Team; 2x MBWA ABA POY
Kareem Abdul-Jabbar,C,1970-1989,"Bucks, Lakers",55,34,14,6,0,2,1,Hall of Fame; 19x All Star; 2x Scoring Champ; 1975-76 TRB Champ; 4x BLK Champ; 6x NBA Champ; 15x All-NBA; 11x All-Defensive; 1969-70 All-Rookie; 1969-70 ROY; 2x Finals MVP; 6x MVP; NBA 75th Anniv. Team; 2x MBWA NBA MVP; 1969-70 MBWA NBA ROY
Karl Malone,F,1986-2004,"Jazz, Lakers",61,23,10,2,0,0,0,Hall of Fame; 14x All Star; 14x All-NBA; 1985-86 All-Rookie; 4x All-Defensive; 2x AS MVP; 2x MVP; NBA 75th Anniv. Team
Karl-Anthony Towns,C-F,2016-2026,"Timberwolves, Knicks",62,27,11,0,0,0,1,6x All Star; 2026 NBA Champ; 3x All-NBA; 2015-16 ROY; 2015-16 All-Rookie
Kawhi Leonard,F,2012-2026,"Spurs, Raptors, LAC",55,16,10,0,2,2,0,7x All Star; 2014-15 STL Champ; 2x NBA Champ; 7x All-NBA; 2011-12 All-Rookie; 7x All-Defensive; 2x Finals MVP; 2x Def. POY; 2019-20 AS MVP; NBA 75th Anniv. Team
Kevin Durant,F-G,2008-2026,"Sonics, Thunder, Warriors, Nets, Suns, Rockets, OKC,SEA",55,18,16,1,0,2,1,16x All Star; 4x Scoring Champ; 2x NBA Champ; 12x All-NBA; 2007-08 All-Rookie; 2007-08 ROY; 2x AS MVP; 2013-14 MVP; 2x Finals MVP; NBA 75th Anniv. Team
Kevin Garnett,F-C,1996-2016,"Timberwolves, Celtics, Nets",47,25,12,1,1,0,0,Hall of Fame; 15x All Star; 4x TRB Champ; 2008 NBA Champ; 9x All-NBA; 1995-96 All-Rookie; 12x All-Defensive; 2002-03 AS MVP; 2003-04 MVP; 2007-08 Def. POY; NBA 75th Anniv. Team
Kevin Love,F-C,2009-2026,"Timberwolves, Cavs, Heat, Jazz",51,31,10,0,0,0,0,5x All Star; 2010-11 TRB Champ; 2016 NBA Champ; 2x All-NBA; 2008-09 All-Rookie; 2010-11 Most Improved
Kevin Porter,G,1973-1983,"Bullets, Capitols, Pistons, Nets, BAL,CAP,WSB",40,8,29,0,0,0,0,4x AST Champ
Kobe Bryant,G-F,1997-2016,Lakers,81,16,17,1,0,2,0,Hall of Fame; 18x All Star; 2x Scoring Champ; 5x NBA Champ; 15x All-NBA; 1996-97 All-Rookie; 12x All-Defensive; 4x AS MVP; 2007-08 MVP; 2x Finals MVP; NBA 75th Anniv. Team; 2018 Oscar
Kyrie Irving,G,2012-2025,"Cavs, Celtics, Nets, Mavs",60,11,18,0,0,0,1,9x All Star; 2016 NBA Champ; 3x All-NBA; 2011-12 All-Rookie; 2011-12 ROY; 2013-14 AS MVP
LaMelo Ball,G,2021-2026,CHO,50,17,15,0,0,0,1,1x All Star; 2020-21 ROY; 2020-21 All-Rookie
Larry Bird,F,1980-1992,Celtics,60,21,17,3,0,2,1,Hall of Fame; 12x All Star; 3x NBA Champ; 10x All-NBA; 1979-80 All-Rookie; 1979-80 ROY; 3x All-Defensive; 1981-82 AS MVP; 2x Finals MVP; 3x MVP; NBA 75th Anniv. Team
LeBron James,F-G,2004-2026,"Cavs, Heat, Lakers",61,20,19,4,0,4,1,22x All Star; 2007-08 Scoring Champ; 2019-20 AST Champ; 4x NBA Champ; 21x All-NBA; 2003-04 All-Rookie; 2003-04 ROY; 3x AS MVP; 6x All-Defensive; 4x MVP; 4x Finals MVP; NBA 75th Anniv. Team; 2023-24 IST MVP
Lenny Wilkens,G,1961-1975,"Hawks, Sonics, Cavs, Blazers",41,15,20,0,0,0,0,Hall of Fame; 9x All Star; 1969-70 AST Champ; 1970-71 AS MVP; NBA 75th Anniv. Team
Luka Dončić,G-F,2019-2026,"Mavs, Lakers",73,21,20,0,0,0,1,6x All Star; 2x Scoring Champ; 6x All-NBA; 2018-19 All-Rookie; 2018-19 ROY; 2023-24 WCF MVP
Magic Johnson,G-F,1980-1996,Lakers,46,18,24,3,0,3,0,Hall of Fame; 12x All Star; 4x AST Champ; 2x STL Champ; 5x NBA Champ; 10x All-NBA; 1979-80 All-Rookie; 3x Finals MVP; 3x MVP; 2x AS MVP; NBA 75th Anniv. Team
Malcolm Brogdon,G,2017-2025,"Bucks, Pacers, Celtics, Blazers, Wizards",36,15,13,0,0,0,1,2016-17 All-Rookie; 2016-17 ROY; 2022-23 Sixth Man
Marc Gasol,C,2009-2021,"Grizzlies, Raptors, Lakers",42,17,14,0,1,0,0,3x All Star; 2019 NBA Champ; 2x All-NBA; 2008-09 All-Rookie; 2012-13 All-Defensive; 2012-13 Def. POY
Marcus Camby,C-F,1997-2013,"Raptors, Knicks, Nuggets, LAC, Blazers, Rockets",37,27,11,0,1,0,0,4x BLK Champ; 1996-97 All-Rookie; 4x All-Defensive; 2006-07 Def. POY
Marcus Smart,G,2015-2026,"Celtics, Grizzlies, Wizards, Lakers",37,11,15,0,1,0,0,2014-15 All-Rookie; 3x All-Defensive; 2021-22 Def. POY
Mark Eaton,C,1983-1993,Jazz,20,25,7,0,2,0,0,1x All Star; 4x BLK Champ; 5x All-Defensive; 2x Def. POY
Mark Jackson,G,1988-2004,"Knicks, LAC, Pacers, Nuggets, Raptors, Jazz, Rockets",34,16,22,0,0,0,1,1x All Star; 1996-97 AST Champ; 1987-88 All-Rookie; 1987-88 ROY
Maurice Stokes,F-C,1956-1958,"Kings, CIN, CIN,ROC",36,38,14,0,0,0,1,Hall of Fame; 3x All Star; 1956-57 TRB Champ; 3x All-NBA; 1955-56 ROY; 1955-56 MBWA NBA ROY
Michael Cage,F-C,1985-2000,"LAC, Sonics, Cavs, 76ers, Nets",29,30,6,0,0,0,0,1987-88 TRB Champ
Michael Carter-Williams,G,2014-2023,"76ers, Bucks, Bulls, CHO, Rockets, Magic",33,14,16,0,0,0,1,2013-14 ROY; 2013-14 All-Rookie
Michael Cooper,G-F,1979-1990,Lakers,31,13,17,0,1,0,0,Hall of Fame; 5x NBA Champ; 8x All-Defensive; 1986-87 Def. POY
Michael Jordan,G-F,1985-2003,"Bulls, Wizards",69,18,17,5,1,6,1,Hall of Fame; 14x All Star; 10x Scoring Champ; 3x STL Champ; 6x NBA Champ; 11x All-NBA; 1984-85 All-Rookie; 1984-85 ROY; 9x All-Defensive; 3x AS MVP; 1987-88 Def. POY; 5x MVP; 6x Finals MVP; NBA 75th Anniv. Team
Michael Ray Richardson,G-F,1979-1986,"Knicks, Warriors, Nets",38,16,19,0,0,0,0,4x All Star; 1979-80 AST Champ; 3x STL Champ; 2x All-Defensive
Mike Miller,F-G,2001-2017,"Magic, Grizzlies, Timberwolves, Wizards, Heat, Cavs, Nuggets",45,19,14,0,0,0,1,2x NBA Champ; 2000-01 All-Rookie; 2000-01 ROY; 2005-06 Sixth Man
Mitch Richmond,G,1989-2002,"Warriors, Kings, Wizards, Lakers",47,13,13,0,0,0,1,Hall of Fame; 6x All Star; 2002 NBA Champ; 5x All-NBA; 1988-89 All-Rookie; 1988-89 ROY; 1994-95 AS MVP
Monk Meineke,F-C,1953-1958,"Pistons, Kings, CIN, CIN,ROC",27,17,8,0,0,0,1,1952-53 ROY
Moses Malone,C-F,1975-1995,"UTS, SSL, BUF, Rockets, 76ers, Bullets, Hawks, Bucks, Spurs",53,37,7,3,0,1,0,Hall of Fame; 13x All Star; 6x TRB Champ; 1983 NBA Champ; 8x All-NBA; 1974-75 All-Rookie; 2x All-Defensive; 3x MVP; 1982-83 Finals MVP; ABA All-Time Team; NBA 75th Anniv. Team
Neil Johnston,C,1952-1959,PHW,50,39,10,0,0,0,0,Hall of Fame; 6x All Star; 3x Scoring Champ; 1954-55 TRB Champ; 1956 NBA Champ; 5x All-NBA; 1953-54 MBWA NBA MVP
Nikola Jokić,C-F,2016-2026,Nuggets,61,27,22,3,0,1,0,8x All Star; 2025-26 TRB Champ; 2025-26 AST Champ; 2023 NBA Champ; 8x All-NBA; 2015-16 All-Rookie; 3x MVP; 2022-23 WCF MVP; 2022-23 Finals MVP
Norm Van Lier,G,1970-1979,"CIN, Bulls, Bucks",42,15,18,0,0,0,0,3x All Star; 1970-71 AST Champ; 1973-74 All-NBA; 8x All-Defensive
Oscar Robertson,G-F,1961-1974,"CIN, Bucks",56,22,22,1,0,0,1,Hall of Fame; 12x All Star; 6x AST Champ; 1971 NBA Champ; 11x All-NBA; 3x AS MVP; 1960-61 ROY; 1963-64 MVP; NBA 75th Anniv. Team; 1963-64 MBWA NBA MVP; 1960-61 MBWA NBA ROY
Paolo Banchero,F,2023-2026,Magic,50,18,11,0,0,0,1,1x All Star; 2022-23 ROY; 2022-23 All-Rookie
Patrick Ewing,C-F,1986-2002,"Knicks, Sonics, Magic",51,26,11,0,0,0,1,Hall of Fame; 11x All Star; 7x All-NBA; 1985-86 All-Rookie; 1985-86 ROY; 3x All-Defensive; NBA 75th Anniv. Team
Pau Gasol,C-F,2002-2019,"Grizzlies, Lakers, Bulls, Spurs, Bucks",46,22,14,0,0,0,1,Hall of Fame; 6x All Star; 2x NBA Champ; 4x All-NBA; 2001-02 All-Rookie; 2001-02 ROY
Paul Arizin,F-G,1951-1962,PHW,49,24,8,0,0,0,1,Hall of Fame; 10x All Star; 2x Scoring Champ; 1956 NBA Champ; 4x All-NBA; 1951-52 AS MVP; 1950-51 ROY *; NBA 75th Anniv. Team; 1951-52 MBWA NBA MVP
Paul Hoffman,G-F,1948-1955,"BLB, Knicks, PHW",32,12,11,0,0,0,1,1948 BAA Champ; 1947-48 ROY *
Paul Pierce,F-G,1999-2017,"Celtics, Nets, Wizards, LAC",50,19,14,0,0,1,0,Hall of Fame; 10x All Star; 2008 NBA Champ; 4x All-NBA; 1998-99 All-Rookie; 2007-08 Finals MVP; NBA 75th Anniv. Team
Pete Maravich,G,1971-1980,"Hawks, NOJ, Jazz, Celtics, NOJ,UTA",68,15,18,0,0,0,0,Hall of Fame; 5x All Star; 1976-77 Scoring Champ; 4x All-NBA; 1970-71 All-Rookie; NBA 75th Anniv. Team
Phil Ford,G,1979-1985,"KCK, Nets, Bucks, Rockets",38,7,22,0,0,0,1,1978-79 All-NBA; 1978-79 All-Rookie; 1978-79 ROY
Rajon Rondo,G,2007-2022,"Celtics, Mavs, Kings, Bulls, Pelicans, Lakers, Hawks, LAC, Cavs",35,17,25,0,0,0,0,4x All Star; 3x AST Champ; 2009-10 STL Champ; 2x NBA Champ; 2011-12 All-NBA; 2006-07 All-Rookie; 4x All-Defensive
Ralph Sampson,C-F,1984-1992,"Rockets, Warriors, Kings, Bullets",43,25,9,0,0,0,1,Hall of Fame; 4x All Star; 1984-85 All-NBA; 1983-84 All-Rookie; 1983-84 ROY; 1984-85 AS MVP
Ray Felix,C,1954-1962,"BLB, Knicks, MNL, Lakers, LAL,MNL",35,30,6,0,0,0,1,1x All Star; 1953-54 ROY
Rick Barry,F,1966-1980,"SFW, OAK, WSA, NYA, Warriors, Rockets, GSW,SFW, OAK,WSA",64,25,19,0,0,1,1,Hall of Fame; 12x All Star; 1966-67 Scoring Champ; 1974-75 STL Champ; 1975 NBA Champ; 6x All-NBA; 1965-66 All-Rookie; 1965-66 ROY; 1966-67 AS MVP; 4x All-ABA; 1974-75 Finals MVP; ABA All-Time Team; NBA 75th Anniv. Team; 1965-66 MBWA NBA ROY; 1971-72 MBWA ABA POY
Rod Strickland,G,1989-2005,"Knicks, Spurs, Blazers, Bullets, Wizards, Heat, Timberwolves, Magic, Raptors, Rockets, WAS,WSB",37,12,20,0,0,0,0,1997-98 AST Champ; 1997-98 All-NBA; 1988-89 All-Rookie
Rudy Gobert,C,2014-2026,"Jazz, Timberwolves",35,28,8,0,4,0,0,3x All Star; 2021-22 TRB Champ; 2016-17 BLK Champ; 4x All-NBA; 9x All-Defensive; 4x Def. POY
Russell Westbrook,G,2009-2026,"Thunder, Rockets, Wizards, Lakers, LAC, Nuggets, Kings",58,21,24,1,0,0,0,9x All Star; 2x Scoring Champ; 3x AST Champ; 9x All-NBA; 2008-09 All-Rookie; 2x AS MVP; 2016-17 MVP; NBA 75th Anniv. Team
Shai Gilgeous-Alexander,G,2019-2026,"LAC, Thunder",55,20,15,2,0,1,0,4x All Star; 2024-25 Scoring Champ; 2025 NBA Champ; 4x All-NBA; 2018-19 All-Rookie; 2x MVP; 2024-25 WCF MVP; 2024-25 Finals MVP
Shaquille O'Neal,C,1993-2011,"Magic, Lakers, Heat, Suns, Cavs, Celtics",61,28,10,1,0,3,1,Hall of Fame; 15x All Star; 2x Scoring Champ; 4x NBA Champ; 14x All-NBA; 1992-93 All-Rookie; 1992-93 ROY; 3x All-Defensive; 3x AS MVP; 3x Finals MVP; 1999-00 MVP; NBA 75th Anniv. Team
Sidney Moncrief,G,1980-1991,"Bucks, Hawks",43,15,12,0,2,0,0,Hall of Fame; 5x All Star; 5x All-NBA; 5x All-Defensive; 2x Def. POY
Sidney Wicks,F-C,1972-1981,"Blazers, Celtics, SDC",38,27,14,0,0,0,1,4x All Star; 1971-72 All-Rookie; 1971-72 ROY; 1971-72 MBWA NBA ROY
Slick Watts,G,1974-1979,"Sonics, NOJ, Rockets",37,12,18,0,0,0,0,1975-76 AST Champ; 1975-76 STL Champ; 1975-76 All-Defensive
Stephen Curry,G,2010-2026,Warriors,62,14,16,2,0,1,0,12x All Star; 2x Scoring Champ; 2015-16 STL Champ; 4x NBA Champ; 11x All-NBA; 2009-10 All-Rookie; 2010-11 Sportsmanship; 2x MVP; NBA 75th Anniv. Team; 2x AS MVP; 2021-22 WCF MVP; 2021-22 Finals MVP
Stephon Castle,G,2025-2026,Spurs,40,15,14,0,0,0,1,2024-25 ROY; 2024-25 All-Rookie
Steve Nash,G,1997-2014,"Suns, Mavs, Lakers",42,13,22,2,0,0,0,Hall of Fame; 8x All Star; 5x AST Champ; 7x All-NBA; 2x MVP; NBA 75th Anniv. Team
Swen Nater,C,1974-1984,"VIR, SAA, NYA, Bucks, BUF, SDC, Lakers, BUF,SDC",35,33,10,0,0,0,0,2x All Star; 1979-80 TRB Champ; 2x All-ABA; 1973-74 All-Rookie; 1973-74 ROY
Terry Cummings,F,1983-2000,"SDC, Bucks, Spurs, Sonics, 76ers, Knicks, Warriors",52,24,10,0,0,0,1,2x All Star; 2x All-NBA; 1982-83 All-Rookie; 1982-83 ROY
Terry Dischinger,F-G,1963-1973,"CHZ, Bullets, Pistons, Blazers, BAL,CHZ",39,19,8,0,0,0,1,3x All Star; 1962-63 All-Rookie; 1962-63 ROY
Tim Duncan,F-C,1998-2016,Spurs,53,27,11,2,0,3,1,Hall of Fame; 15x All Star; 5x NBA Champ; 15x All-NBA; 15x All-Defensive; 1997-98 All-Rookie; 1997-98 ROY; 3x Finals MVP; 1999-00 AS MVP; 2x MVP; NBA 75th Anniv. Team
Tiny Archibald,G,1971-1984,"CIN, KCO, KCK, NYN, Celtics, Bucks, CIN,KCK,KCO",55,9,23,0,0,0,0,Hall of Fame; 6x All Star; 1972-73 Scoring Champ; 1972-73 AST Champ; 1981 NBA Champ; 5x All-NBA; 1980-81 AS MVP; NBA 75th Anniv. Team
Tom Heinsohn,F-C,1957-1965,Celtics,45,24,8,0,0,0,1,Hall of Fame; 6x All Star; 8x NBA Champ; 4x All-NBA; 1956-57 ROY; 1956-57 MBWA NBA ROY
Tony Parker,G,2002-2019,"Spurs, CHO",55,12,17,0,0,1,0,Hall of Fame; 6x All Star; 4x NBA Champ; 4x All-NBA; 2001-02 All-Rookie; 2006-07 Finals MVP
Tracy McGrady,G-F,1998-2012,"Raptors, Magic, Rockets, Knicks, Pistons, Hawks",62,17,13,0,0,0,0,Hall of Fame; 7x All Star; 2x Scoring Champ; 7x All-NBA; 2000-01 Most Improved
Trae Young,G,2019-2026,"Hawks, Wizards",56,13,22,0,0,0,0,4x All Star; 2024-25 AST Champ; 2021-22 All-NBA; 2018-19 All-Rookie
Truck Robinson,F-C,1975-1985,"Bullets, Hawks, NOJ, Suns, Knicks",51,27,8,0,0,0,0,2x All Star; 1977-78 TRB Champ; 1977-78 All-NBA
Tyreke Evans,G-F,2010-2019,"Kings, Pelicans, Grizzlies, Pacers",41,13,16,0,0,0,1,2009-10 All-Rookie; 2009-10 ROY
Tyrese Haliburton,G,2021-2025,"Kings, Pacers",44,11,23,0,0,0,0,2x All Star; 2023-24 AST Champ; 2x All-NBA; 2020-21 All-Rookie
Tyson Chandler,C,2002-2020,"Bulls, Pelicans, Hornets, Mavs, Knicks, Suns, Lakers, Rockets, NOH,NOK",28,28,6,0,1,0,0,1x All Star; 2011 NBA Champ; 2011-12 All-NBA; 3x All-Defensive; 2011-12 Def. POY
Victor Wembanyama,C-F,2024-2026,Spurs,50,23,11,0,1,0,1,2x All Star; 3x BLK Champ; 2025-26 All-NBA; 2023-24 ROY; 2023-24 All-Rookie; 2x All-Defensive; 2025-26 Def. POY; 2025-26 WCF MVP
Vince Carter,G-F,1999-2020,"Raptors, Nets, Magic, Suns, Mavs, Grizzlies, Kings, Hawks",51,16,14,0,0,0,1,Hall of Fame; 8x All Star; 2x All-NBA; 1998-99 All-Rookie; 1998-99 ROY; 2019-20 Sportsmanship
Walt Bellamy,C,1962-1975,"CHP, CHZ, Bullets, Knicks, Pistons, Hawks, NOJ, BAL,CHP,CHZ",48,37,11,0,0,0,1,Hall of Fame; 4x All Star; 1961-62 ROY; 1961-62 MBWA NBA ROY
Walter Davis,G-F,1978-1992,"Suns, Nuggets, Blazers",45,13,12,0,0,0,1,Hall of Fame; 6x All Star; 2x All-NBA; 1977-78 All-Rookie; 1977-78 ROY
Wes Unseld,C-F,1969-1981,"Bullets, Capitols, BAL,CAP,WSB",30,32,13,1,0,1,1,Hall of Fame; 5x All Star; 1974-75 TRB Champ; 1978 NBA Champ; 1968-69 All-NBA; 1968-69 All-Rookie; 1968-69 MVP; 1968-69 ROY; 1977-78 Finals MVP; NBA 75th Anniv. Team; 1968-69 MBWA NBA ROY
Willis Reed,C-F,1965-1974,Knicks,53,33,9,1,0,2,1,Hall of Fame; 7x All Star; 2x NBA Champ; 5x All-NBA; 1964-65 All-Rookie; 1964-65 ROY; 1969-70 All-Defensive; 1969-70 AS MVP; 2x Finals MVP; 1969-70 MVP; NBA 75th Anniv. Team; 2x MBWA NBA MVP; 1964-65 MBWA NBA ROY
Wilt Chamberlain,C,1960-1973,"PHW, SFW, 76ers, Lakers, PHW,SFW",100,55,21,4,0,1,1,Hall of Fame; 13x All Star; 7x Scoring Champ; 11x TRB Champ; 1967-68 AST Champ; 2x NBA Champ; 10x All-NBA; 1959-60 AS MVP; 4x MVP; 1959-60 ROY; 2x All-Defensive; 1971-72 Finals MVP; NBA 75th Anniv. Team; 3x USBWA MVP; 5x MBWA NBA MVP; 1959-60 MBWA NBA ROY
Woody Sauldsberry,F-C,1958-1966,"PHW, Hawks, CHP, CHZ, Celtics, CHP,CHZ",41,30,7,0,0,0,1,1x All Star; 1966 NBA Champ; 1957-58 ROY; 1957-58 MBWA NBA ROY
